<?xml version="1.0" encoding="UTF-8"?>
<!DOCTYPE mapper PUBLIC "-//mybatis.org//DTD Mapper 3.0//EN" "http://mybatis.org/dtd/mybatis-3-mapper.dtd">
<mapper namespace="com.sunline.vuedemo.dao.UserMapper">

    <resultMap type="com.sunline.vuedemo.bean.User" id="UserMap">
        <result property="id" column="id" jdbcType="INTEGER"/>
        <result property="userName" column="username" jdbcType="VARCHAR"/>
        <result property="passWord" column="password" jdbcType="VARCHAR"/>
        <result property="nikeName" column="nike_name" jdbcType="VARCHAR"/>
    </resultMap>
    <insert id="createUser" parameterType="com.sunline.vuedemo.bean.User">
        INSERT INTO users (username,password,nike_name) values(#{userName},#{passWord},'def')
    </insert>

    <select id="findUserLogin" resultMap="UserMap">
        select *
        from users
        where username = #{userName}
          AND password = #{passWord}
    </select>
</mapper>
